precision,recall,f1-score,support
0.566127497621313,0.8880597014925373,0.6914584543869843,670.0
0.5204081632653061,0.45739910313901344,0.48687350835322196,669.0
0.6781609195402298,0.5283582089552239,0.5939597315436241,670.0
0.9266409266409267,0.7164179104477612,0.8080808080808081,670.0
0.6476297125793207,0.6476297125793207,0.6476297125793207,0.6476297125793207
0.6728343767669439,0.6475587310086339,0.6450931255911596,2679.0
0.6728912734498487,0.6476297125793207,0.6451521847987886,2679.0
