precision,recall,f1-score,support
0.5310435931307794,0.6,0.5634197617379118,670.0
0.3652694610778443,0.36472346786248133,0.3649962602842184,669.0
0.4076809453471196,0.41194029850746267,0.40979955456570155,670.0
0.7036395147313691,0.6059701492537314,0.6511627906976745,670.0
0.49570735349010825,0.49570735349010825,0.49570735349010825,0.49570735349010825
0.5019083785717781,0.49565847890591885,0.4973445918213765,2679.0
0.5019593822737168,0.49570735349010825,0.49739399396080813,2679.0
